City_ID,City,Country,Date,Lat,Lng,Max Temp,Humidity,Cloudiness,Wind Speed
0,High Level,CA,2022-01-26 02:11:26,58.5169,-117.136,33.6,98,100,12.08
1,Hithadhoo,MV,2022-01-26 02:11:27,-0.6,73.0833,81.23,67,100,18.45
2,Sattahip,TH,2022-01-26 02:09:34,12.6664,100.9007,84.97,89,20,0.0
3,Gravdal,NO,2022-01-26 02:11:27,68.1214,13.5031,34.86,98,100,19.51
4,Nizhniy Tsasuchey,RU,2022-01-26 02:11:27,50.5167,115.1333,2.08,82,28,8.9
5,Leningradskiy,RU,2022-01-26 02:11:27,69.3833,178.4167,-27.67,86,26,4.07
6,Hualmay,PE,2022-01-26 02:11:28,-11.0964,-77.6139,70.74,85,14,7.47
7,Bridlington,GB,2022-01-26 02:08:51,54.0831,-0.1919,40.69,85,43,10.6
8,Port Elizabeth,ZA,2022-01-26 02:11:28,-33.918,25.5701,69.1,88,95,9.95
9,Khor,RU,2022-01-26 02:11:28,47.8861,134.9464,0.36,93,99,3.71
10,Norman Wells,CA,2022-01-26 02:11:29,65.282,-126.8329,35.94,82,100,18.66
11,Bredasdorp,ZA,2022-01-26 02:11:29,-34.5322,20.0403,66.27,89,100,8.97
12,Ushuaia,AR,2022-01-26 02:11:29,-54.8,-68.3,42.46,75,40,24.16
13,Saint-Philippe,RE,2022-01-26 02:10:50,-21.3585,55.7679,72.99,67,97,10.67
14,Rikitea,PF,2022-01-26 02:11:29,-23.1203,-134.9692,78.28,76,100,15.88
15,Punta Arenas,CL,2022-01-26 02:06:57,-53.15,-70.9167,46.42,61,0,14.97
16,Mana,GF,2022-01-26 02:11:30,5.6592,-53.7767,76.5,85,88,8.59
17,Khorixas,NA,2022-01-26 02:11:30,-20.3667,14.9667,78.94,42,90,10.74
18,Georgetown,MY,2022-01-26 02:09:01,5.4112,100.3354,82.33,74,20,4.61
19,Kuldur,RU,2022-01-26 02:11:30,49.2167,131.6333,7.47,86,100,4.14
20,Semey,KZ,2022-01-26 02:11:31,50.4111,80.2275,-0.18,78,0,11.18
21,Hilo,US,2022-01-26 02:10:47,19.7297,-155.09,77.25,81,9,1.01
22,Sao Joao Da Barra,BR,2022-01-26 02:11:31,-21.6403,-41.0511,75.38,90,2,12.28
23,Ikalamavony,MG,2022-01-26 02:11:31,-21.15,46.5833,61.93,91,26,4.88
24,Mar Del Plata,AR,2022-01-26 02:11:32,-38.0023,-57.5575,76.08,98,75,8.01
25,Mitsamiouli,KM,2022-01-26 02:11:32,-11.3847,43.2844,80.94,76,100,9.31
26,Back Mountain,US,2022-01-26 02:11:32,41.3359,-75.9963,24.37,81,16,5.88
27,Medveda,RU,2022-01-26 02:11:32,56.5081,92.4078,5.18,97,100,3.22
28,Bluff,NZ,2022-01-26 02:11:33,-46.6,168.3333,53.08,83,98,18.07
29,Riyadh,SA,2022-01-26 02:06:47,24.6877,46.7219,55.54,41,0,10.0
30,Albany,US,2022-01-26 02:11:08,42.6001,-73.9662,22.26,74,11,6.91
31,Hobart,AU,2022-01-26 02:09:42,-42.8794,147.3294,68.02,71,75,1.01
32,Santo Antonio Do Sudoeste,BR,2022-01-26 02:11:33,-26.0736,-53.7253,70.3,90,76,3.83
33,Salalah,OM,2022-01-26 02:11:33,17.0151,54.0924,62.69,39,0,2.3
34,Mataura,NZ,2022-01-26 02:11:34,-46.1927,168.8643,50.63,97,100,3.58
35,Saint George,US,2022-01-26 02:11:34,37.1041,-113.5841,46.63,39,0,1.01
36,Pasewalk,DE,2022-01-26 02:11:34,53.5063,13.99,43.54,93,100,11.32
37,Namatanai,PG,2022-01-26 02:11:34,-3.6667,152.4333,85.6,67,79,6.15
38,Vestmannaeyjar,IS,2022-01-26 02:11:35,63.4427,-20.2734,35.91,67,100,9.42
39,Male,MV,2022-01-26 02:11:35,4.1748,73.5089,79.83,65,99,11.25
40,Kachug,RU,2022-01-26 02:11:35,53.9606,105.8817,-17.16,100,97,0.67
41,San Quintin,MX,2022-01-26 02:11:36,30.4833,-115.95,57.07,78,16,3.94
42,Atuona,PF,2022-01-26 02:11:36,-9.8,-139.0333,78.31,75,2,16.69
43,Grand Gaube,MU,2022-01-26 02:11:36,-20.0064,57.6608,73.38,71,1,3.0
44,Vaini,TO,2022-01-26 02:09:42,-21.2,-175.2,80.19,70,13,12.93
45,Yatou,CN,2022-01-26 02:12:36,37.15,122.3833,37.22,50,12,11.27
46,Poltar,SK,2022-01-26 02:12:37,48.4309,19.7941,33.12,91,64,2.08
47,New Norfolk,AU,2022-01-26 02:12:37,-42.7826,147.0587,67.66,49,100,4.25
48,Broome,US,2022-01-26 02:12:37,42.2506,-75.833,20.01,80,100,6.91
49,Caravelas,BR,2022-01-26 02:12:37,-17.7125,-39.2481,76.78,84,100,7.99
50,Carnarvon,AU,2022-01-26 02:12:38,-24.8667,113.6333,84.27,54,0,13.8
51,Busselton,AU,2022-01-26 02:09:40,-33.65,115.3333,69.08,48,20,9.91
52,Coquimbo,CL,2022-01-26 02:12:38,-29.9533,-71.3436,60.53,82,0,3.44
53,Ponta Do Sol,PT,2022-01-26 02:12:38,32.6667,-17.1,61.43,64,25,8.52
54,Avarua,CK,2022-01-26 02:12:39,-21.2078,-159.775,80.65,89,75,11.5
55,Bambous Virieux,MU,2022-01-26 02:12:39,-20.3428,57.7575,73.22,70,30,14.43
56,Saldanha,ZA,2022-01-26 02:12:39,-33.0117,17.9442,62.64,90,0,16.93
57,Eureka,US,2022-01-26 02:07:50,40.8021,-124.1637,46.67,91,5,2.06
58,Qaanaaq,GL,2022-01-26 02:12:39,77.484,-69.3632,-11.11,58,9,7.47
59,Taoudenni,ML,2022-01-26 02:12:40,22.6783,-3.9836,68.38,20,100,7.76
60,Coahuayana,MX,2022-01-26 02:12:40,18.7333,-103.6833,78.28,82,0,1.5
61,Chokurdakh,RU,2022-01-26 02:12:40,70.6333,147.9167,-32.31,100,100,7.14
62,Eganville,CA,2022-01-26 02:12:41,45.5334,-77.0994,-1.07,90,10,6.24
63,Mount Isa,AU,2022-01-26 02:12:41,-20.7333,139.5,87.57,55,75,8.05
64,Cukai,MY,2022-01-26 02:12:41,4.25,103.4167,80.73,72,64,6.44
65,Mayahi,NE,2022-01-26 02:12:41,13.9553,7.6712,57.74,21,0,15.1
66,Asyut,EG,2022-01-26 02:12:42,27.181,31.1837,45.12,48,0,5.44
67,Kruisfontein,ZA,2022-01-26 02:12:42,-34.0033,24.7314,66.88,93,100,7.92
68,East London,ZA,2022-01-26 02:12:42,-33.0153,27.9116,71.96,85,99,3.94
69,Kapaa,US,2022-01-26 02:12:42,22.0752,-159.319,78.78,67,20,3.0
70,Bethel,US,2022-01-26 02:12:43,41.3712,-73.414,32.36,62,0,0.0
71,Yellowknife,CA,2022-01-26 02:12:43,62.456,-114.3525,0.55,85,75,10.36
72,Port Alfred,ZA,2022-01-26 02:12:43,-33.5906,26.891,71.87,86,100,11.07
73,Cape Town,ZA,2022-01-26 02:09:37,-33.9258,18.4232,65.88,85,3,5.99
74,Te Anau,NZ,2022-01-26 02:12:44,-45.4167,167.7167,62.73,55,56,7.36
75,Bathsheba,BB,2022-01-26 02:12:44,13.2167,-59.5167,76.86,77,5,17.38
76,Teya,RU,2022-01-26 02:12:44,60.3778,92.6267,-21.24,100,38,2.01
77,Sharanga,RU,2022-01-26 02:12:44,57.1775,46.5396,8.08,95,100,6.24
78,Castro,BR,2022-01-26 02:12:45,-24.7911,-50.0119,64.83,79,5,4.29
79,Noshiro,JP,2022-01-26 02:12:45,40.2039,140.0242,34.23,95,100,4.79
80,Khash,IR,2022-01-26 02:12:45,28.2211,61.2158,41.4,34,0,2.68
81,Victoria,HK,2022-01-26 02:08:19,22.2855,114.1577,70.97,83,99,4.0
82,Butaritari,KI,2022-01-26 02:12:46,3.0707,172.7902,82.15,79,42,16.58
83,Midland,US,2022-01-26 02:09:03,31.9974,-102.0779,54.27,44,0,13.8
84,Swellendam,ZA,2022-01-26 02:12:46,-34.0226,20.4417,66.81,82,89,6.42
85,Mehamn,NO,2022-01-26 02:12:46,71.0357,27.8492,30.67,65,100,24.7
86,Pevek,RU,2022-01-26 02:12:46,69.7008,170.3133,-34.11,100,77,3.58
87,Beringovskiy,RU,2022-01-26 02:13:47,63.05,179.3167,-21.37,92,41,1.01
88,Ahipara,NZ,2022-01-26 02:13:47,-35.1667,173.1667,76.37,69,7,8.86
89,Iqaluit,CA,2022-01-26 02:11:46,63.7506,-68.5145,-29.49,98,100,2.39
90,Mecca,SA,2022-01-26 02:13:47,21.4267,39.8261,66.4,67,0,3.62
91,Touros,BR,2022-01-26 02:13:48,-5.1989,-35.4608,79.7,76,100,13.51
92,Keene,US,2022-01-26 02:13:48,42.9337,-72.2781,26.85,68,0,4.0
93,Puerto Ayora,EC,2022-01-26 02:09:42,-0.7393,-90.3518,73.63,90,68,5.64
94,Hohhot,CN,2022-01-26 02:09:07,40.8106,111.6522,17.71,53,100,4.9
95,Saskylakh,RU,2022-01-26 02:13:48,71.9167,114.0833,9.63,85,100,18.92
96,Half Moon Bay,US,2022-01-26 02:13:48,37.4636,-122.4286,56.91,83,20,3.0
97,Airai,TL,2022-01-26 02:13:49,-8.9266,125.4092,73.06,59,100,5.19
98,Imeni Zhelyabova,RU,2022-01-26 02:13:49,58.9544,36.5956,11.59,98,88,4.36
99,Hirara,JP,2022-01-26 02:13:49,24.8,125.2833,69.1,73,95,17.76
100,Vostok,RU,2022-01-26 02:13:50,46.4856,135.8833,10.36,87,100,2.53
101,Pontes E Lacerda,BR,2022-01-26 02:13:50,-15.2261,-59.3353,75.45,82,100,2.98
102,Swan Hill,AU,2022-01-26 02:11:28,-35.3378,143.5544,89.87,37,53,10.63
103,Opuwo,NA,2022-01-26 02:13:50,-18.0607,13.84,71.13,67,17,6.29
104,Kaitangata,NZ,2022-01-26 02:13:50,-46.2817,169.8464,57.92,76,100,5.28
105,Fairbanks,US,2022-01-26 02:13:51,64.8378,-147.7164,17.94,74,20,5.75
106,Tiznit,MA,2022-01-26 02:13:51,29.5833,-9.5,50.49,87,44,4.47
107,Yerbogachen,RU,2022-01-26 02:13:51,61.2767,108.0108,-19.21,100,99,3.29
108,Nome,US,2022-01-26 02:09:00,64.5011,-165.4064,-9.33,77,20,0.0
109,Trairi,BR,2022-01-26 02:13:52,-3.2778,-39.2689,80.38,76,99,9.19
110,Thessalon,CA,2022-01-26 02:13:52,46.2501,-83.5666,1.89,99,63,4.52
111,Oussouye,SN,2022-01-26 02:13:52,12.485,-16.5469,78.21,15,100,6.98
112,Klaksvik,FO,2022-01-26 02:13:52,62.2266,-6.589,41.92,75,79,46.15
113,Crotone,IT,2022-01-26 02:13:53,39.0851,17.1178,34.93,48,0,5.48
114,Brewster,US,2022-01-26 02:13:53,41.3973,-73.6171,32.59,63,0,0.0
115,Tuktoyaktuk,CA,2022-01-26 02:13:53,69.4541,-133.0374,11.7,89,100,29.17
116,Ribeira Grande,PT,2022-01-26 02:09:43,38.5167,-28.7,59.88,79,100,6.8
117,Kantang,TH,2022-01-26 02:13:53,7.4054,99.5156,81.77,70,47,4.09
118,Hermanus,ZA,2022-01-26 02:13:54,-34.4187,19.2345,66.79,86,96,12.62
119,Abu Samrah,SY,2022-01-26 02:13:54,35.3029,37.1841,41.63,75,73,8.97
120,Nanortalik,GL,2022-01-26 02:13:54,60.1432,-45.2371,26.67,94,100,7.05
121,Port Keats,AU,2022-01-26 02:13:54,-14.25,129.55,78.44,90,100,4.05
122,Port Lincoln,AU,2022-01-26 02:13:55,-34.7333,135.8667,74.68,76,80,6.91
123,Uarini,BR,2022-01-26 02:13:55,-2.99,-65.1083,73.45,99,100,2.3
124,Vysokogornyy,RU,2022-01-26 02:12:10,50.1167,139.15,7.29,84,69,2.98
125,Anloga,GH,2022-01-26 02:13:55,5.7947,0.8973,79.38,69,6,0.43
126,Eseka,CM,2022-01-26 02:13:56,3.65,10.7667,72.09,99,86,1.05
127,Toucheng,TW,2022-01-26 02:13:56,24.8592,121.8233,73.6,89,98,5.28
128,College,US,2022-01-26 02:13:56,64.8569,-147.8028,17.92,72,40,5.75
129,Hambantota,LK,2022-01-26 02:13:56,6.1241,81.1185,73.63,82,100,8.3
130,Port-Gentil,GA,2022-01-26 02:13:57,-0.7193,8.7815,79.92,79,62,7.18
131,Roma,US,2022-01-26 02:12:11,43.2128,-75.4557,19.54,73,100,6.91
132,Oktyabrskoye,RU,2022-01-26 02:13:57,43.0645,44.7417,17.22,91,27,3.85
133,Geraldton,AU,2022-01-26 02:13:57,-28.7667,114.6,84.61,32,0,12.66
134,Kormilovka,RU,2022-01-26 02:13:58,55.0026,74.1028,-0.65,100,81,4.9
135,Vrangel,RU,2022-01-26 02:14:58,42.7297,133.0839,27.59,46,71,6.51
136,Vanimo,PG,2022-01-26 02:14:58,-2.6741,141.3028,85.48,67,63,4.99
137,Juneau,US,2022-01-26 02:14:58,58.3019,-134.4197,39.22,95,100,6.91
138,Haimen,CN,2022-01-26 02:14:59,23.1935,116.6142,64.29,81,93,18.03
139,Cockburn Town,TC,2022-01-26 02:13:28,21.4612,-71.1419,76.96,72,0,9.01
140,Bereda,ES,2022-01-26 02:14:59,43.2686,-7.5406,38.41,99,18,0.58
141,Tampin,MY,2022-01-26 02:14:59,2.4701,102.2302,81.93,76,84,6.08
142,Upernavik,GL,2022-01-26 02:13:00,72.7868,-56.1549,0.34,95,98,7.81
143,Naze,JP,2022-01-26 02:15:00,28.3667,129.4833,63.52,63,35,10.94
144,Jamestown,US,2022-01-26 02:13:56,42.097,-79.2353,16.92,47,100,4.61
145,Lompoc,US,2022-01-26 02:15:00,34.6391,-120.4579,57.78,83,100,13.0
146,Kununurra,AU,2022-01-26 02:15:00,-15.7667,128.7333,82.38,83,100,13.8
147,Kavieng,PG,2022-01-26 02:15:01,-2.5744,150.7967,83.93,75,95,8.23
148,Provideniya,RU,2022-01-26 02:15:01,64.3833,-173.3,-6.65,59,20,4.47
149,Bambanglipuro,ID,2022-01-26 02:15:01,-7.95,110.2833,83.5,74,100,6.31
150,Nikolskoye,RU,2022-01-26 02:15:01,59.7035,30.7861,15.69,100,78,2.64
151,Swidwin,PL,2022-01-26 02:15:02,53.7746,15.7767,41.94,100,91,8.79
152,Katsuura,JP,2022-01-26 02:13:54,35.1333,140.3,50.18,91,100,15.08
153,Payyannur,IN,2022-01-26 02:15:02,12.1,75.2,68.38,85,11,5.93
154,Warren,US,2022-01-26 02:13:54,39.4334,-84.1666,22.93,76,0,3.0
155,Nizwa,OM,2022-01-26 02:15:02,22.9333,57.5333,60.22,63,0,1.68
156,Sal Rei,CV,2022-01-26 02:15:03,16.1833,-22.9167,72.16,78,4,19.8
157,Clyde River,CA,2022-01-26 02:15:03,70.4692,-68.5914,-7.37,84,100,20.71
158,Kortkeros,RU,2022-01-26 02:11:19,61.8106,51.5806,12.2,93,100,8.3
159,Vanino,RU,2022-01-26 02:15:03,49.0869,140.2543,13.08,69,97,3.2
160,Chokwe,MZ,2022-01-26 02:15:04,-24.5333,32.9833,73.13,93,100,7.11
161,Newport,GB,2022-01-26 02:15:04,51.5877,-2.9984,41.77,86,37,3.74
162,Pochutla,MX,2022-01-26 02:15:04,15.7432,-96.4661,79.65,80,0,3.47
163,Dingle,PH,2022-01-26 02:15:05,10.9995,122.6711,81.63,81,99,13.6
164,Rio Grande,BR,2022-01-26 02:15:05,-32.035,-52.0986,77.95,89,67,10.04
165,Baghmara,IN,2022-01-26 02:15:05,23.795,86.2085,61.79,76,68,3.56
166,Khatanga,RU,2022-01-26 02:15:05,71.9667,102.5,-4.04,86,58,12.97
167,Ixtapa,MX,2022-01-26 02:15:06,20.7,-105.2,72.63,78,40,6.91
168,Kamaishi,JP,2022-01-26 02:15:06,39.2667,141.8833,32.95,57,100,1.59
169,Zhaozhou,CN,2022-01-26 02:15:06,45.6833,125.3167,3.97,95,99,5.1
170,Port Hardy,CA,2022-01-26 02:15:06,50.6996,-127.4199,39.76,100,75,4.61
171,Luderitz,NA,2022-01-26 02:15:07,-26.6481,15.1594,73.0,62,6,21.21
172,Gavrilovka Vtoraya,RU,2022-01-26 02:15:07,52.877,42.7663,5.09,98,88,6.22
173,Abapo,BO,2022-01-26 02:15:07,-18.8333,-63.4667,71.37,65,100,3.0
174,Dikson,RU,2022-01-26 02:15:08,73.5069,80.5464,11.19,91,100,30.71
175,Hasaki,JP,2022-01-26 02:15:08,35.7333,140.8333,41.4,85,100,19.6
176,Batemans Bay,AU,2022-01-26 02:15:08,-35.7167,150.1833,85.19,69,100,6.55
177,Methoni,GR,2022-01-26 02:15:08,36.8197,21.7049,37.22,45,1,7.07
178,Kahului,US,2022-01-26 02:12:32,20.8947,-156.47,84.22,57,20,13.8
179,Omsukchan,RU,2022-01-26 02:16:09,62.5333,155.8,-25.44,98,98,3.27
180,Kretinga,LT,2022-01-26 02:16:09,55.8758,21.2508,24.55,100,0,2.3
181,Xining,CN,2022-01-26 02:16:10,36.6167,101.7667,20.84,72,100,1.59
182,Yarada,IN,2022-01-26 02:16:10,17.65,83.2667,71.92,94,20,2.3
183,Biak,ID,2022-01-26 02:16:10,-0.9131,122.8766,83.23,71,89,5.06
184,Banda Aceh,ID,2022-01-26 02:16:10,5.5577,95.3222,80.91,75,52,7.74
185,Guerrero Negro,MX,2022-01-26 02:16:11,27.9769,-114.0611,61.5,65,100,9.01
186,Nianzishan,CN,2022-01-26 02:16:11,47.5167,122.8833,8.15,66,50,5.55
187,Vao,NC,2022-01-26 02:16:11,-22.6667,167.4833,77.49,71,82,9.73
188,Thompson,CA,2022-01-26 02:16:12,55.7435,-97.8558,-5.64,71,100,11.5
189,Katangli,RU,2022-01-26 02:16:12,51.7102,143.2326,6.53,87,95,7.87
190,Ostersund,SE,2022-01-26 02:16:12,63.1792,14.6357,29.61,80,100,11.5
191,Tuatapere,NZ,2022-01-26 02:16:13,-46.1333,167.6833,56.82,87,88,12.06
192,Souillac,MU,2022-01-26 02:16:13,-20.5167,57.5167,75.58,73,40,5.75
193,Puerto Carreno,CO,2022-01-26 02:16:13,6.189,-67.4859,87.22,42,29,13.4
194,Jagdalpur,IN,2022-01-26 02:16:14,19.0667,82.0333,56.95,63,0,3.36
195,Lebedinyy,RU,2022-01-26 02:16:14,58.5167,125.5167,-8.55,96,100,3.83
196,Pisco,PE,2022-01-26 02:16:14,-13.7,-76.2167,68.05,83,0,14.97
197,Sao Filipe,CV,2022-01-26 02:16:14,14.8961,-24.4956,75.83,60,2,10.8
198,Hami,CN,2022-01-26 02:16:15,42.8,93.45,21.78,49,6,3.94
199,Sturgeon Bay,US,2022-01-26 02:16:15,44.8342,-87.377,7.16,56,100,10.36
200,Guaruja,BR,2022-01-26 02:16:15,-23.9931,-46.2564,83.16,26,34,2.59
201,Gobabis,NA,2022-01-26 02:16:16,-22.45,18.9667,70.09,51,81,8.25
202,Manzanillo,CU,2022-01-26 02:16:16,20.3433,-77.1167,72.84,73,0,6.22
203,Sao Jose Do Belmonte,BR,2022-01-26 02:16:16,-7.8614,-38.7597,73.6,63,86,1.5
204,Atagay,RU,2022-01-26 02:16:16,55.1033,99.3875,4.8,95,98,2.57
205,Quelimane,MZ,2022-01-26 02:16:17,-17.8786,36.8883,74.97,94,100,9.66
206,Binzhou,CN,2022-01-26 02:16:01,37.3667,118.0167,35.28,47,49,5.91
207,Auriflama,BR,2022-01-26 02:16:17,-20.6856,-50.5547,75.81,77,94,5.5
208,Cabo San Lucas,MX,2022-01-26 02:12:21,22.8909,-109.9124,69.51,50,40,4.0
209,Faanui,PF,2022-01-26 02:16:17,-16.4833,-151.75,81.07,76,85,13.38
210,Borba,BR,2022-01-26 02:16:18,-4.3878,-59.5939,74.43,97,100,2.77
211,Freeport,US,2022-01-26 02:14:33,40.6576,-73.5832,34.52,58,0,1.01
212,Ostrovnoy,RU,2022-01-26 02:16:18,68.0531,39.5131,17.26,86,22,17.4
213,Huarmey,PE,2022-01-26 02:16:18,-10.0681,-78.1522,71.51,82,59,7.27
214,Moshupa,BW,2022-01-26 02:16:19,-24.7782,25.4155,72.61,49,99,5.17
215,Asau,RO,2022-01-26 02:16:13,46.4333,26.4,24.28,77,94,7.7
216,Grodkow,PL,2022-01-26 02:16:19,50.6984,17.3845,37.4,98,100,9.04
217,Inirida,CO,2022-01-26 02:16:19,3.8653,-67.9239,77.58,83,100,2.77
218,San Cristobal,VE,2022-01-26 02:16:19,7.7669,-72.225,73.58,83,100,2.24
219,Greeneville,US,2022-01-26 02:14:06,36.1632,-82.831,43.92,74,100,5.75
220,Sao Sebastiao,BR,2022-01-26 02:16:20,-23.76,-45.4097,75.56,94,35,6.67
221,Yulara,AU,2022-01-26 02:16:20,-25.2406,130.9889,94.84,36,100,12.66
222,Conde,BR,2022-01-26 02:16:20,-7.2597,-34.9075,78.26,83,0,4.61
223,Labuhan,ID,2022-01-26 02:16:21,-6.8844,112.2051,83.66,75,97,14.74
224,Haines Junction,CA,2022-01-26 02:16:21,60.7522,-137.5108,24.75,63,45,1.14
225,Obodivka,UA,2022-01-26 02:16:21,48.4051,29.2477,28.18,96,99,7.07
226,Arman,RU,2022-01-26 02:16:22,59.7,150.1667,-4.99,76,100,7.14
227,Gold Coast,AU,2022-01-26 02:15:50,-28.0,153.4333,78.21,85,100,4.0
228,The Valley,AI,2022-01-26 02:17:22,18.217,-63.0578,77.09,73,45,18.68
229,Kimbe,PG,2022-01-26 02:17:22,-5.5502,150.1429,88.54,64,36,6.85
230,Hervey Bay,AU,2022-01-26 02:17:23,-25.2986,152.8535,82.51,68,100,1.61
231,Dalby,AU,2022-01-26 02:17:23,-27.1833,151.2667,75.97,80,100,8.1
232,Tasiilaq,GL,2022-01-26 02:17:23,65.6145,-37.6368,15.96,71,17,7.27
233,Labrea,BR,2022-01-26 02:17:23,-7.2586,-64.7981,74.28,97,100,1.72
234,Lebu,CL,2022-01-26 02:17:24,-37.6167,-73.65,57.76,89,1,15.3
235,Sangar,RU,2022-01-26 02:17:24,63.9242,127.4739,-23.37,97,100,2.33
236,Ugento,IT,2022-01-26 02:17:24,39.9263,18.1574,43.47,66,13,18.77
237,Moranbah,AU,2022-01-26 02:17:25,-22.0016,148.0466,78.69,62,100,2.98
238,Shestakovo,RU,2022-01-26 02:17:25,56.4915,103.96,-3.53,98,98,3.04
239,Ust-Maya,RU,2022-01-26 02:17:25,60.4167,134.5333,-14.06,93,100,0.85
240,Nara,JP,2022-01-26 02:17:25,34.6851,135.8049,45.77,52,11,6.49
241,Sioux Lookout,CA,2022-01-26 02:17:26,50.1001,-91.917,-16.22,100,84,4.92
242,Goksun,TR,2022-01-26 02:17:26,38.021,36.4973,22.15,97,100,4.45
243,Xianyang,CN,2022-01-26 02:17:26,34.3378,108.7026,34.84,100,100,4.47
244,Zaltan,LY,2022-01-26 02:17:27,32.947,11.8665,48.69,59,7,3.36
245,Bengkulu,ID,2022-01-26 02:17:27,-3.8004,102.2655,79.18,78,96,3.51
246,Iquitos,PE,2022-01-26 02:17:27,-3.7481,-73.2472,71.64,100,100,3.44
247,Surab,PK,2022-01-26 02:17:27,28.4914,66.2585,32.13,36,0,9.33
248,Bembereke,BJ,2022-01-26 02:17:28,10.2283,2.6634,65.59,18,3,5.21
249,Beira,MZ,2022-01-26 02:17:28,-19.8436,34.8389,77.09,100,100,17.27
250,Luba,GQ,2022-01-26 02:17:28,3.4568,8.5547,80.15,80,97,6.02
251,Bandarbeyla,SO,2022-01-26 02:17:28,9.4942,50.8122,72.41,67,6,16.35
252,Svetlogorsk,BY,2022-01-26 02:17:29,52.6333,29.7333,27.59,95,90,9.19
253,Maceio,BR,2022-01-26 02:16:25,-9.6658,-35.7353,80.04,89,40,2.3
254,Kosa,RU,2022-01-26 02:17:29,59.9445,54.9977,5.81,94,100,7.52
255,Vaitape,PF,2022-01-26 02:17:29,-16.5167,-151.75,81.05,76,87,13.29
256,Holoby,UA,2022-01-26 02:17:30,51.0865,25.0077,35.06,98,100,10.02
257,Necochea,AR,2022-01-26 02:17:30,-38.5473,-58.7368,75.04,84,73,0.92
258,Alice Springs,AU,2022-01-26 02:17:30,-23.7,133.8833,96.22,43,40,1.01
259,Kidal,ML,2022-01-26 02:17:31,18.4411,1.4078,61.72,18,98,13.02
260,Balclutha,NZ,2022-01-26 02:17:31,-46.2339,169.75,57.6,73,100,2.51
261,Saint Anthony,US,2022-01-26 02:17:31,45.0205,-93.218,-2.6,70,0,1.99
262,Esperance,AU,2022-01-26 02:17:31,-33.8667,121.9,69.64,75,89,13.33
263,Bacolod,PH,2022-01-26 02:17:32,10.6667,122.95,82.78,76,99,6.29
264,Ariogala,LT,2022-01-26 02:17:32,55.2667,23.4667,28.58,97,44,2.73
265,Kodiak,US,2022-01-26 02:16:12,57.79,-152.4072,29.71,59,0,5.75
266,Bilibino,RU,2022-01-26 02:17:32,68.0546,166.4372,-38.07,96,48,2.91
267,Praya,CV,2022-01-26 02:17:32,14.9215,-23.5087,73.94,64,0,17.27
268,Mbekenyera,TZ,2022-01-26 02:17:33,-10.0,38.9833,70.18,97,99,6.33
269,Vila Franca Do Campo,PT,2022-01-26 02:17:33,37.7167,-25.4333,58.19,80,96,8.23
270,Ejido Hermosillo,MX,2022-01-26 02:17:33,32.5121,-114.9238,65.44,28,3,7.29
271,Shelburne,CA,2022-01-26 02:17:34,44.0787,-80.2041,10.85,77,67,3.27
272,Grimshaw,CA,2022-01-26 02:17:34,56.1834,-117.6027,39.02,75,75,13.8
273,Gat,IL,2022-01-26 02:18:34,31.61,34.7642,49.91,100,14,10.69
274,Faya,SA,2022-01-26 02:18:34,18.3851,42.4509,50.11,84,18,2.66
275,Kisanga,TZ,2022-01-26 02:18:35,-7.4362,37.7034,73.51,89,98,3.13
276,Smidovich,RU,2022-01-26 02:18:35,48.6,133.8167,-2.69,93,99,1.77
277,Boa Viagem,BR,2022-01-26 02:18:35,-5.1275,-39.7322,75.76,67,63,3.06
278,Meulaboh,ID,2022-01-26 02:18:35,4.1363,96.1285,79.57,78,87,2.3
279,Vestnes,NO,2022-01-26 02:18:36,62.6264,7.0884,44.71,87,100,19.57
280,Bolobo,CD,2022-01-26 02:18:36,-2.1667,16.2333,72.34,91,99,3.74
281,Takoradi,GH,2022-01-26 02:18:36,4.8845,-1.7554,77.23,86,5,3.24
282,Port Hedland,AU,2022-01-26 02:18:37,-20.3167,118.5667,91.45,62,40,10.36
283,Tiksi,RU,2022-01-26 02:14:00,71.6872,128.8694,-4.32,95,100,11.72
284,Valentin Gomez Farias,MX,2022-01-26 02:18:37,28.2167,-106.5833,53.64,25,100,11.45
285,Gandai,IN,2022-01-26 02:18:37,21.6667,81.1,53.06,60,0,2.89
286,Inhambane,MZ,2022-01-26 02:18:37,-23.865,35.3833,78.49,89,91,11.21
287,Ancud,CL,2022-01-26 02:18:38,-41.8697,-73.8203,58.53,84,0,1.86
288,Bam,IR,2022-01-26 02:18:38,29.106,58.357,46.0,27,0,1.83
289,Lavrentiya,RU,2022-01-26 02:18:38,65.5833,-171.0,-20.92,87,11,5.46
290,Dudinka,RU,2022-01-26 02:18:38,69.4058,86.1778,1.62,94,100,23.8
291,Alofi,NU,2022-01-26 02:15:15,-19.0595,-169.9187,78.69,89,12,10.36
292,Oranjemund,NA,2022-01-26 02:18:39,-28.55,16.4333,63.63,92,31,13.24
293,Berezovka,BY,2022-01-26 02:18:39,53.7214,25.4993,27.14,93,100,5.23
294,Tiruppur,IN,2022-01-26 02:18:40,11.1,77.35,70.95,83,49,3.31
295,Northam,GB,2022-01-26 02:18:40,51.0333,-4.2167,43.56,87,100,1.5
296,Saint-Georges,GD,2022-01-26 02:18:40,12.0564,-61.7485,77.29,75,0,12.5
297,Yakeshi,CN,2022-01-26 02:18:40,49.2833,120.7333,-2.25,97,100,3.67
298,Mahebourg,MU,2022-01-26 02:18:41,-20.4081,57.7,75.49,73,40,5.75
299,Chuy,UY,2022-01-26 02:18:41,-33.6971,-53.4616,74.64,95,100,4.29
300,Komsomolskiy,UZ,2022-01-26 02:18:41,40.4272,71.7189,29.62,80,75,4.61
301,Talas,TR,2022-01-26 02:18:41,38.6908,35.5538,18.27,93,100,3.44
302,Daokou,CN,2022-01-26 02:18:42,35.5639,114.5058,36.46,57,78,10.58
303,Tecozautla,MX,2022-01-26 02:18:42,20.5333,-99.6333,63.16,44,3,4.25
304,Codrington,AU,2022-01-26 02:18:42,-38.2667,141.9667,94.03,28,74,4.85
305,Vestmanna,FO,2022-01-26 02:18:42,62.1564,-7.1664,40.12,65,75,41.43
306,Fukuma,JP,2022-01-26 02:18:43,33.7667,130.4667,55.29,60,24,9.8
307,Arraial Do Cabo,BR,2022-01-26 02:15:49,-22.9661,-42.0278,75.72,90,0,17.85
308,Havoysund,NO,2022-01-26 02:18:43,70.9963,24.6622,27.48,65,100,25.61
309,Belle Fourche,US,2022-01-26 02:18:43,44.6714,-103.8522,25.45,62,10,6.2
310,Glasgow,GB,2022-01-26 02:14:48,55.8652,-4.2576,47.16,95,75,18.41
311,Richards Bay,ZA,2022-01-26 02:18:44,-28.783,32.0377,72.55,93,40,3.04
312,Kathmandu,NP,2022-01-26 02:16:10,27.7167,85.3167,44.82,93,40,0.0
313,Rudbar,AF,2022-01-26 02:18:44,30.15,62.6,43.74,36,0,1.61
314,Zalesovo,RU,2022-01-26 02:18:44,53.9939,84.7431,1.53,93,100,7.83
315,San Patricio,US,2022-01-26 02:18:45,28.017,-97.5169,57.29,79,0,11.95
316,Talcahuano,CL,2022-01-26 02:18:45,-36.7167,-73.1167,62.28,77,0,10.36
317,Chalmette,US,2022-01-26 02:18:45,29.9427,-89.9634,53.6,83,0,1.99
318,San Vicente,AR,2022-01-26 02:18:45,-26.6167,-54.1333,68.38,99,78,2.04
319,Prado,BR,2022-01-26 02:19:46,-17.3411,-39.2208,76.3,87,100,10.67
320,Jawhar,SO,2022-01-26 02:19:46,2.7809,45.5005,68.74,79,2,9.98
321,Poshekhonye,RU,2022-01-26 02:19:46,58.4993,39.1353,15.3,98,99,3.65
322,Saint-Augustin,CA,2022-01-26 02:19:46,51.226,-58.6502,6.24,96,99,6.76
323,Shimoda,JP,2022-01-26 02:19:47,34.6667,138.95,50.11,73,100,6.42
324,Talavera,PH,2022-01-26 02:19:47,15.6167,120.9333,84.81,53,54,8.81
325,Flinders,AU,2022-01-26 02:19:47,-34.5833,150.8552,77.25,71,100,7.83
326,Kismayo,SO,2022-01-26 02:19:47,-0.3582,42.5454,77.23,78,52,19.24
327,Charlestown,AU,2022-01-26 02:15:31,-32.95,151.6667,79.83,69,100,1.01
328,Kiruna,SE,2022-01-26 02:19:48,67.8557,20.2251,18.52,79,100,11.5
329,Taywarah,AF,2022-01-26 02:19:48,33.35,64.4167,3.78,39,0,5.84
330,Kaeo,NZ,2022-01-26 02:19:48,-35.1,173.7833,77.32,90,3,10.63
331,Padang,ID,2022-01-26 02:18:37,-0.9492,100.3543,80.65,82,100,3.87
332,Tambun,ID,2022-01-26 02:19:49,-6.2641,107.0712,86.04,83,40,5.75
333,Longyearbyen,SJ,2022-01-26 02:19:49,78.2186,15.6401,15.64,57,40,19.57
334,Ituiutaba,BR,2022-01-26 02:19:49,-18.9689,-49.465,72.82,84,97,3.15
335,Portland,US,2022-01-26 02:18:41,45.5234,-122.6762,43.84,73,20,1.99
336,Santa Cruz,BO,2022-01-26 02:19:50,-17.8,-63.1667,80.06,78,40,5.75
337,Adrar,MR,2022-01-26 02:19:50,20.5022,-10.0711,65.79,17,100,6.04
338,Barahona,DO,2022-01-26 02:19:50,18.2085,-71.1008,75.11,67,53,3.6
339,Manaure,CO,2022-01-26 02:19:51,11.7751,-72.4445,77.29,79,97,16.69
340,Severo-Kurilsk,RU,2022-01-26 02:19:51,50.6789,156.125,26.73,55,39,7.0
341,Perth,AU,2022-01-26 02:17:57,-31.9333,115.8333,79.02,48,0,9.22
342,Nouakchott,MR,2022-01-26 02:19:51,18.0858,-15.9785,71.53,34,3,11.65
343,Muli,MV,2022-01-26 02:19:51,2.9167,73.5667,79.77,64,99,11.18
344,Jiujiang,CN,2022-01-26 02:19:52,29.7333,115.9833,44.82,94,100,9.8
345,Tilichiki,RU,2022-01-26 02:19:52,60.4667,166.1,-7.62,93,100,11.59
346,Abha,SA,2022-01-26 02:19:52,18.2164,42.5053,49.82,93,0,0.0
347,Suez,EG,2022-01-26 02:19:52,29.9737,32.5263,48.92,52,5,5.99
348,Sembe,CG,2022-01-26 02:19:53,1.6481,14.5806,69.66,46,100,2.77
349,Fukue,JP,2022-01-26 02:19:53,32.6881,128.8419,52.16,66,40,11.5
350,Luwuk,ID,2022-01-26 02:19:53,-0.9516,122.7875,84.94,75,94,4.25
351,Hamilton,US,2022-01-26 02:16:00,39.1834,-84.5333,23.11,68,0,3.0
352,Chadiza,ZM,2022-01-26 02:19:54,-14.0678,32.4392,61.9,96,100,7.14
353,San Jose,US,2022-01-26 02:17:37,37.3394,-121.895,56.57,74,0,3.0
354,Talnakh,RU,2022-01-26 02:19:54,69.4865,88.3972,1.2,95,94,12.75
355,Gambela,ET,2022-01-26 02:16:13,8.25,34.5833,79.0,35,34,3.09
356,Inuvik,CA,2022-01-26 02:19:54,68.3499,-133.7218,18.36,92,100,17.27
357,Clearwater,US,2022-01-26 02:17:54,27.9659,-82.8001,56.17,89,100,7.0
358,Seoul,KR,2022-01-26 02:16:45,37.5683,126.9778,38.77,56,6,2.3
359,Da Nang,VN,2022-01-26 02:19:55,16.0678,108.2208,80.58,74,40,0.0
360,Sechura,PE,2022-01-26 02:19:55,-5.5569,-80.8222,74.07,71,86,12.57
361,Kamenka,RU,2022-01-26 02:19:55,51.3223,42.7678,2.16,100,93,4.56
362,Belomorsk,RU,2022-01-26 02:19:55,64.5232,34.7668,10.83,93,6,7.16
363,Kalabo,ZM,2022-01-26 02:19:56,-14.97,22.6814,67.19,79,100,3.62
364,Dhidhdhoo,MV,2022-01-26 02:19:56,6.8833,73.1,79.86,59,92,7.92
365,Coihaique,CL,2022-01-26 02:19:56,-45.5752,-72.0662,57.15,62,0,0.0
366,Katherine,AU,2022-01-26 02:19:56,-14.4667,132.2667,84.52,70,20,13.8
367,Takaka,NZ,2022-01-26 02:19:57,-40.85,172.8,74.97,65,50,6.73
368,Mayo,US,2022-01-26 02:20:57,38.8876,-76.5119,34.3,54,100,5.01
369,Khasan,RU,2022-01-26 02:20:57,42.4308,130.6434,26.33,53,2,18.03
370,Santa Barbara,US,2022-01-26 02:17:49,34.7333,-120.0343,50.99,86,40,5.75
371,Maseru,LS,2022-01-26 02:20:58,-29.3167,27.4833,63.63,60,31,1.88
372,Viljoenskroon,ZA,2022-01-26 02:20:58,-27.2084,26.9485,62.33,53,78,11.7
373,Boa Vista,BR,2022-01-26 02:20:58,2.8197,-60.6733,84.18,61,40,12.66
374,Sri Aman,MY,2022-01-26 02:20:58,1.2376,111.4621,80.65,89,20,0.0
375,Deep River,CA,2022-01-26 02:20:59,46.1001,-77.4995,-6.57,93,11,4.47
376,Torremolinos,ES,2022-01-26 02:20:59,36.6204,-4.4998,56.75,75,20,16.11
377,Raga,SS,2022-01-26 02:20:59,8.4596,25.678,68.54,23,100,4.54
378,Palmer,US,2022-01-26 02:20:59,42.1584,-72.3287,29.21,61,0,1.01
379,San Lawrenz,MT,2022-01-26 02:21:00,36.0553,14.204,43.86,70,6,13.11
380,Poronaysk,RU,2022-01-26 02:21:00,49.2167,143.1167,6.76,77,64,1.03
381,Malaryta,BY,2022-01-26 02:21:00,51.7905,24.074,32.5,97,100,6.76
382,Taltal,CL,2022-01-26 02:21:01,-25.4,-70.4833,66.79,76,0,3.6
383,Fort Nelson,CA,2022-01-26 02:21:01,58.8053,-122.7002,40.59,65,75,19.57
384,San Joaquin,US,2022-01-26 02:21:01,37.9333,-121.3011,57.2,57,0,3.44
385,Liverpool,GB,2022-01-26 02:21:01,53.4106,-2.9779,42.13,90,100,1.01
386,Karratha,AU,2022-01-26 02:21:02,-20.7377,116.8463,87.39,61,0,10.83
387,Sitka,US,2022-01-26 02:21:02,57.0531,-135.33,39.09,87,100,3.44
388,Nikel,RU,2022-01-26 02:21:02,69.4128,30.222,17.78,86,29,17.31
389,Togur,RU,2022-01-26 02:21:03,58.3631,82.8265,-6.11,100,91,2.98
390,Slave Lake,CA,2022-01-26 02:21:03,55.2834,-114.769,40.98,60,100,28.77
391,Sobolevo,RU,2022-01-26 02:21:03,54.4299,31.8996,26.78,82,100,10.22
392,Podgorenskiy,RU,2022-01-26 02:21:03,50.405,39.6429,13.06,97,100,4.68
393,Mazamari,PE,2022-01-26 02:21:04,-11.3258,-74.5308,70.27,98,94,1.72
394,Bembibre,ES,2022-01-26 02:21:04,42.6177,-6.4155,40.39,88,3,3.2
395,Laguna,US,2022-01-26 02:21:04,38.421,-121.4238,57.33,72,0,1.99
396,Lugazi,UG,2022-01-26 02:21:04,0.3772,32.9197,61.72,71,9,0.87
397,Marfino,RU,2022-01-26 02:21:05,55.7028,37.3822,17.74,92,75,4.47
398,Barrow,US,2022-01-26 02:21:05,71.2906,-156.7887,-7.58,77,75,20.71
399,Lubango,AO,2022-01-26 02:21:05,-14.9172,13.4925,62.49,84,100,3.85
400,Malibu,US,2022-01-26 02:21:06,34.005,-118.8101,63.57,78,0,1.36
401,Lorengau,PG,2022-01-26 02:21:06,-2.0226,147.2712,85.05,71,100,6.91
402,Mirabad,AF,2022-01-26 02:21:06,30.4362,61.8383,44.47,46,0,3.02
403,Agadez,NE,2022-01-26 02:21:06,19.75,10.25,51.12,32,17,11.65
404,Byron Bay,AU,2022-01-26 02:21:07,-28.65,153.6167,77.11,83,99,5.39
405,Puri,IN,2022-01-26 02:21:07,19.8,85.85,66.72,82,0,8.95
406,Tupik,RU,2022-01-26 02:21:07,54.4253,119.9327,-8.3,95,78,2.1
407,Lima,PE,2022-01-26 02:18:16,-12.0432,-77.0282,72.9,72,40,13.8
408,Bisira,PA,2022-01-26 02:21:08,8.5196,-81.7115,54.99,93,62,5.5
409,Fortuna,US,2022-01-26 02:21:08,40.5982,-124.1573,45.09,91,4,1.01
410,Narsaq,GL,2022-01-26 02:18:33,60.9167,-46.05,26.82,91,100,9.91
411,Batagay-Alyta,RU,2022-01-26 02:21:08,67.8006,130.4114,-10.03,90,100,2.91
412,Matay,EG,2022-01-26 02:21:08,28.419,30.7792,46.26,58,7,5.79
413,Acajutla,SV,2022-01-26 02:21:09,13.5928,-89.8275,76.8,80,0,5.48
414,Kodinsk,RU,2022-01-26 02:21:09,58.6881,99.1844,-12.1,100,92,1.97
415,Fort Madison,US,2022-01-26 02:21:09,40.6298,-91.3151,7.39,78,2,9.01
416,Buala,SB,2022-01-26 02:22:09,-8.145,159.5921,82.72,76,95,5.97
417,Lahaina,US,2022-01-26 02:22:10,20.8783,-156.6825,84.2,77,88,6.91
418,Kuching,MY,2022-01-26 02:22:10,1.55,110.3333,82.62,78,40,1.14
419,Seddon,AU,2022-01-26 02:22:10,-37.8068,144.8916,98.67,38,40,9.22
420,Panaba,MX,2022-01-26 02:22:11,21.2833,-88.2667,72.45,93,8,5.32
421,Supe,PE,2022-01-26 02:22:11,-10.8,-77.7333,71.28,83,25,6.93
422,Chandler,US,2022-01-26 02:20:15,33.3062,-111.8412,63.45,33,20,5.75
423,Tlapacoyan,MX,2022-01-26 02:22:11,19.9667,-97.2167,64.15,98,100,1.72
424,Adre,TD,2022-01-26 02:22:11,13.4667,22.2,62.96,23,59,15.32
425,Arona,ES,2022-01-26 02:22:12,28.0996,-16.681,57.74,60,0,10.36
426,Hay River,CA,2022-01-26 02:22:12,60.8156,-115.7999,13.98,79,75,9.22
427,Dandong,CN,2022-01-26 02:22:12,40.1292,124.3947,26.98,41,5,11.03
428,Pasighat,IN,2022-01-26 02:22:12,28.0667,95.3333,58.41,75,99,2.42
429,Beckley,US,2022-01-26 02:22:13,37.7782,-81.1882,29.23,88,100,3.0
430,Cherskiy,RU,2022-01-26 02:22:13,68.75,161.3,-42.3,99,71,5.12
431,Bonavista,CA,2022-01-26 02:22:13,48.6499,-53.1147,27.12,69,100,7.96
432,Constitucion,CL,2022-01-26 02:22:14,-35.3333,-72.4167,56.46,93,2,8.01
433,George,ZA,2022-01-26 02:22:14,-33.963,22.4617,63.95,100,100,8.05
434,Sao Borja,BR,2022-01-26 02:22:14,-28.6606,-56.0044,82.94,83,26,9.53
435,Isangel,VU,2022-01-26 02:22:14,-19.55,169.2667,85.96,70,14,4.9
436,Esmeraldas,BR,2022-01-26 02:22:15,-19.7625,-44.3139,74.26,81,65,7.02
437,Santiago De Chuco,PE,2022-01-26 02:22:15,-8.15,-78.1833,51.96,95,100,2.95
438,Isla Mujeres,MX,2022-01-26 02:18:39,21.2311,-86.731,77.16,81,0,12.44
439,Malakal,SS,2022-01-26 02:22:15,9.5334,31.6605,76.42,27,26,8.68
440,Niquero,CU,2022-01-26 02:22:15,20.0431,-77.5828,74.62,85,0,5.14
441,Silver Spring,US,2022-01-26 02:22:16,38.9907,-77.0261,33.22,53,100,3.0
442,Puerto Madero,MX,2022-01-26 02:22:16,14.7208,-92.4215,75.4,100,0,0.0
443,Carpentersville,US,2022-01-26 02:22:16,42.1211,-88.2579,4.41,65,7,4.0
444,Pemba,MZ,2022-01-26 02:22:16,-12.974,40.5178,79.5,83,75,9.22
445,Alekseyevka,RU,2022-01-26 02:21:12,50.6309,38.6903,15.48,95,100,5.95
446,Itapecerica,BR,2022-01-26 02:22:17,-20.4725,-45.1256,65.41,88,10,3.74
447,Manokwari,ID,2022-01-26 02:22:17,-0.8667,134.0833,83.82,70,96,5.86
448,Porto Santo,PT,2022-01-26 02:22:17,33.072,-16.3415,60.71,67,40,13.8
449,Barisal,BD,2022-01-26 02:22:18,22.7019,90.3711,67.03,64,37,5.08
450,Verkhnechusovskiye Gorodki,RU,2022-01-26 02:22:18,58.1671,57.1086,1.15,99,53,3.44
451,Srandakan,ID,2022-01-26 02:22:18,-7.9386,110.2506,83.79,74,100,6.2
452,Port Blair,IN,2022-01-26 02:22:18,11.6667,92.75,82.44,65,20,6.91
453,Dataganj,IN,2022-01-26 02:22:19,28.0333,79.4,46.09,90,0,5.3
454,Lata,PT,2022-01-26 02:22:19,40.1629,-8.3327,49.71,86,5,4.92
455,Turukhansk,RU,2022-01-26 02:21:15,65.8167,87.9833,-17.52,100,92,6.44
456,North Platte,US,2022-01-26 02:22:19,41.1239,-100.7654,21.99,91,100,1.01
457,Pulandian,CN,2022-01-26 02:22:20,39.3953,121.9669,26.73,39,100,11.86
458,Kawalu,ID,2022-01-26 02:22:20,-7.3817,108.2082,81.97,72,100,1.36
459,Carutapera,BR,2022-01-26 02:22:20,-1.195,-46.02,76.53,89,48,5.95
460,Pangai,TO,2022-01-26 02:22:20,-19.8,-174.35,82.17,73,25,13.91
461,North Battleford,CA,2022-01-26 02:22:21,52.7834,-108.2847,28.49,80,75,19.57
462,General Macarthur,PH,2022-01-26 02:23:21,11.2464,125.5394,80.35,92,78,9.06
463,Aguadilla,PR,2022-01-26 02:19:23,18.4275,-67.1541,75.88,87,0,1.01
464,Veere,NL,2022-01-26 02:23:21,51.5483,3.6667,39.18,91,100,3.0
465,Contai,IN,2022-01-26 02:23:22,21.7786,87.7536,68.41,73,0,3.96
466,Calama,CL,2022-01-26 02:23:22,-22.4667,-68.9333,59.49,23,76,9.22
467,Codajas,BR,2022-01-26 02:23:22,-3.8367,-62.0569,74.75,97,100,2.17
468,Oistins,BB,2022-01-26 02:23:22,13.0667,-59.5333,73.49,88,40,6.91
469,Severomuysk,RU,2022-01-26 02:23:23,56.1481,113.4267,-17.23,97,71,3.2
470,Gillette,US,2022-01-26 02:22:08,44.2911,-105.5022,21.81,85,0,4.0
471,Broken Hill,AU,2022-01-26 02:23:23,-31.95,141.4333,89.31,37,40,8.05
472,Kanodar,IN,2022-01-26 02:23:23,24.1,72.3833,49.78,43,0,6.15
473,Viedma,AR,2022-01-26 02:23:23,-40.8135,-62.9967,66.74,59,100,15.79
474,Vyazovaya,RU,2022-01-26 02:23:24,54.905,58.3561,1.38,94,69,3.83
475,Pangoa,PE,2022-01-26 02:23:24,-12.1167,-73.0,67.62,98,11,2.08
476,Namwala,ZM,2022-01-26 02:23:24,-15.7504,26.4384,64.51,99,100,5.44
477,Cap-Aux-Meules,CA,2022-01-26 02:23:25,47.3821,-61.8597,33.85,100,100,17.27
478,Ihosy,MG,2022-01-26 02:23:25,-22.4,46.1167,61.38,94,63,5.97
479,Port Maria,JM,2022-01-26 02:23:25,18.3685,-76.8895,78.76,94,6,6.73
480,Xuanzhou,CN,2022-01-26 02:23:25,30.9525,118.7553,41.65,92,100,12.08
481,Exu,BR,2022-01-26 02:23:26,-7.5119,-39.7242,77.41,87,36,4.45
482,Onalaska,US,2022-01-26 02:23:26,43.8844,-91.2351,-4.18,70,0,5.75
483,Hailar,CN,2022-01-26 02:23:26,49.2,119.7,2.23,94,97,5.12
484,Dole,FR,2022-01-26 02:23:26,47.0833,5.5,31.5,100,100,2.3
485,Colorado Springs,US,2022-01-26 02:23:27,38.8339,-104.8214,26.22,77,100,1.01
486,Maralal,KE,2022-01-26 02:23:27,1.0968,36.698,57.56,54,6,6.35
487,Lethem,GY,2022-01-26 02:23:27,3.3803,-59.7968,79.84,68,94,12.44
488,Prince George,CA,2022-01-26 02:23:12,53.9166,-122.753,31.44,74,0,11.5
489,Wuan,CN,2022-01-26 02:23:28,31.6836,112.0044,37.04,98,100,8.81
490,Ambon,ID,2022-01-26 02:22:50,-3.6954,128.1814,91.54,55,20,10.36
491,La Palma,US,2022-01-26 02:23:28,33.8464,-118.0467,65.97,80,20,1.01
492,Kazerun,IR,2022-01-26 02:23:28,29.6195,51.6541,50.95,48,1,2.53
493,Moose Factory,CA,2022-01-26 02:23:28,51.2585,-80.6094,-20.2,69,0,8.05
494,Libenge,CD,2022-01-26 02:23:29,3.65,18.6333,71.17,33,76,4.52
495,Goiatuba,BR,2022-01-26 02:23:29,-18.0125,-49.3547,69.39,84,76,2.39
496,Along,IN,2022-01-26 02:23:29,28.1667,94.7667,52.63,91,100,1.19
497,Cidreira,BR,2022-01-26 02:23:29,-30.1811,-50.2056,77.52,87,87,18.54
498,Torbay,CA,2022-01-26 02:23:30,47.6666,-52.7314,27.57,89,75,4.61
499,Katiola,CI,2022-01-26 02:23:30,8.1333,-5.1,70.84,19,1,4.7
500,Brae,GB,2022-01-26 02:23:30,60.3964,-1.353,42.71,69,71,34.11
501,Vung Tau,VN,2022-01-26 02:20:22,10.346,107.0843,78.78,75,47,7.4
502,Hofn,IS,2022-01-26 02:23:31,64.2539,-15.2082,33.26,55,15,15.79
503,Urusha,RU,2022-01-26 02:23:31,54.05,122.9,-1.23,79,29,2.8
504,San Carlos De Bariloche,AR,2022-01-26 02:23:31,-41.1456,-71.3082,65.95,52,0,8.05
505,Qaqortoq,GL,2022-01-26 02:21:29,60.7167,-46.0333,27.1,85,100,9.78
506,Beyneu,KZ,2022-01-26 02:23:32,45.3167,55.2,28.58,76,30,13.06
507,Ayagoz,KZ,2022-01-26 02:23:32,47.9714,80.4392,-7.35,100,100,4.83
508,Berberati,CF,2022-01-26 02:24:32,4.2612,15.7922,68.09,26,100,3.09
509,Mosetse,BW,2022-01-26 02:24:32,-20.75,26.65,68.31,78,89,16.53
510,Zhuhai,CN,2022-01-26 02:24:33,22.2769,113.5678,69.58,88,40,5.75
511,Fare,PF,2022-01-26 02:24:33,-16.7,-151.0167,81.05,77,82,14.74
512,Baicheng,CN,2022-01-26 02:24:33,45.6167,122.8167,9.84,74,12,4.32
513,Tamandare,BR,2022-01-26 02:24:33,-8.7597,-35.1047,79.34,78,29,8.34
514,Red Bluff,US,2022-01-26 02:24:34,40.1785,-122.2358,65.08,25,0,6.91
515,Ciudad Bolivar,VE,2022-01-26 02:24:34,8.1222,-63.5497,78.39,70,99,15.48
516,Grafton,US,2022-01-26 02:24:34,42.207,-71.6856,30.15,58,0,1.99
517,Gao,ML,2022-01-26 02:24:35,16.6362,1.637,59.76,17,91,12.59
518,Birao,CF,2022-01-26 02:24:35,10.2849,22.7882,66.99,23,76,6.78
519,Goderich,CA,2022-01-26 02:24:35,43.7501,-81.7165,16.92,85,100,10.36
520,Ilulissat,GL,2022-01-26 02:23:30,69.2167,-51.1,14.02,52,100,28.77
521,Killin,US,2022-01-26 02:24:35,33.6123,-91.7412,35.69,55,0,5.75
522,Santa Isabel Do Rio Negro,BR,2022-01-26 02:24:36,-0.4139,-65.0192,74.21,98,100,2.08
523,Honningsvag,NO,2022-01-26 02:24:36,70.9821,25.9704,32.22,61,100,28.16
524,Zaqatala,AZ,2022-01-26 02:24:36,41.6336,46.6433,34.27,100,100,4.61
525,Corinto,GR,2022-01-26 02:24:36,37.9407,22.9573,37.89,70,4,3.89
526,Tadine,NC,2022-01-26 02:24:37,-21.55,167.8833,81.39,77,80,12.82
527,Lishui,CN,2022-01-26 02:24:37,28.4604,119.9103,49.51,95,100,1.54
528,Kamina,CD,2022-01-26 02:24:37,-8.7386,24.9906,63.37,96,100,6.78
529,Nurlat,RU,2022-01-26 02:24:37,54.4277,50.8051,5.47,96,98,7.05
530,Aklavik,CA,2022-01-26 02:24:17,68.2191,-135.0107,18.32,87,92,22.21
531,Beloha,MG,2022-01-26 02:24:38,-25.1667,45.05,67.14,72,0,8.43
532,Baghdad,IQ,2022-01-26 02:22:59,33.3406,44.4009,49.28,49,0,5.91
533,Llandrindod Wells,GB,2022-01-26 02:24:38,52.2416,-3.3787,36.91,92,18,4.25
534,Selty,RU,2022-01-26 02:24:38,57.3132,52.1345,0.61,97,98,5.66
535,Kurkino,RU,2022-01-26 02:24:39,53.4257,38.6582,3.56,97,100,6.38
536,Taitung,TW,2022-01-26 02:24:39,22.7583,121.1444,75.47,69,75,5.75
537,Hastings,GB,2022-01-26 02:24:39,50.8552,0.5729,37.8,80,95,7.49
538,Sabha,LY,2022-01-26 02:24:40,27.0377,14.4283,41.58,87,1,10.4
539,Cusuna,HN,2022-01-26 02:24:40,15.85,-85.2333,73.58,83,0,10.4
540,Nuuk,GL,2022-01-26 02:23:18,64.1835,-51.7216,21.81,79,100,9.22
541,Sarahan,IN,2022-01-26 02:24:40,31.5167,77.8,22.06,64,51,9.08
542,Gallup,US,2022-01-26 02:24:40,35.5281,-108.7426,39.04,35,100,4.0
543,Tura,IN,2022-01-26 02:22:16,25.5198,90.2201,60.01,68,0,2.84
544,Grindavik,IS,2022-01-26 02:20:11,63.8424,-22.4338,30.9,93,75,6.91
545,Placido De Castro,BR,2022-01-26 02:24:41,-10.3353,-67.1856,75.31,90,100,2.06
546,Sistranda,NO,2022-01-26 02:24:41,63.7256,8.834,40.96,90,100,29.35
547,Zhigansk,RU,2022-01-26 02:24:41,66.7697,123.3711,-13.31,98,97,8.19
548,Huaiyin,CN,2022-01-26 02:24:42,33.5886,119.0192,40.44,64,100,12.59
549,Trinidad,BO,2022-01-26 02:24:42,-14.8333,-64.9,77.09,84,73,3.51
550,Sinop,TR,2022-01-26 02:21:01,41.7711,34.8709,25.23,94,100,2.82
551,Medea,DZ,2022-01-26 02:24:42,36.2642,2.7539,36.05,63,6,7.34
552,Sola,VU,2022-01-26 02:24:42,-13.8833,167.55,81.7,80,98,15.82
553,Crateus,BR,2022-01-26 02:25:12,-5.1783,-40.6775,76.48,58,35,2.73
554,La Ronge,CA,2022-01-26 02:25:43,55.1001,-105.2842,12.45,85,100,9.22
555,Bull Savanna,JM,2022-01-26 02:25:43,17.8868,-77.5902,72.79,85,18,6.91
556,Gurupi,BR,2022-01-26 02:24:27,-11.7292,-49.0686,72.48,84,100,0.63
557,Kupino,RU,2022-01-26 02:25:43,54.3663,77.2981,11.93,97,100,2.89
558,Ogulin,HR,2022-01-26 02:25:44,45.2661,15.2286,32.83,92,5,2.1
559,Tsiroanomandidy,MG,2022-01-26 02:25:44,-18.7667,46.0333,64.87,94,100,1.99
560,Port-Cartier,CA,2022-01-26 02:24:15,50.0334,-66.8654,4.75,99,87,6.02
561,Beni Mazar,EG,2022-01-26 02:25:44,28.4962,30.8029,46.17,59,7,5.82
562,Rodeo,US,2022-01-26 02:25:44,38.033,-122.2669,55.58,80,0,0.0
563,Shingu,JP,2022-01-26 02:25:45,33.7333,135.9833,56.39,46,94,4.45
564,Ningbo,CN,2022-01-26 02:25:45,29.8782,121.5495,44.58,93,75,2.24
565,Ulagan,RU,2022-01-26 02:25:45,50.6321,87.9563,-11.24,86,100,2.1
566,Sinnamary,GF,2022-01-26 02:25:45,5.3833,-52.95,76.23,87,71,9.06
567,Gigmoto,PH,2022-01-26 02:25:46,13.7796,124.39,79.03,89,97,7.52
568,Xingcheng,CN,2022-01-26 02:25:46,40.6167,120.7167,23.22,45,62,5.12
